channel_id,title,youtube_channel_id,video_count
39,Smooth S o u n d s,UC-7RDShJHg-QfxLkcNXG-nQ,726
982,John Digweed,UCXUO2biGVP7FKCqPEDwmt4w,717
6,Fluidified,UCTPjZ7UC8NgcZI8UKzb3rLw,638
952,Sound of Nature Library - Topic,UCGXL5enBaR1WIZtfBkoWiYg,620
833,Mindfulness Meditation Music Spa Maestro - Topic,UC42rRosO9K0B3e_jKx6-K4w,556
454,Traveller,UCdlr-Q5zf_2YZGLOw6fh0xw,555
9,the bootleg boy,UC0fiLCwTmAukotCXYnqfj0A,544
1000,DJ Mag,UCJEKlziKdxoos1qbptjGgLg,533
17,Chillhop Music,UCOxqgCwgOqC2lMqC5PYz_Dg,524
984,Mia Mendi,UCwfOfj7N-EBPjwnJC6JodKg,517
76,Kiffen Beats,UCnfmOjxm-9fCwexfLqE72jA,512
19,MrSuicideSheep,UC5nc_ZtjKW1htCVZVRxlQAQ,509
851,Underground Deep-Tech Station,UCexc0nQaUICY21kiKrvqJgw,509
829,MeditationRelaxClub - Sleep Music & Mindfulness,UCSyNIDWAM9cRzkn7Uz4IwTw,506
478,Classical Tunes,UCvQI6QKWZ0wQuRx3JcIWfmQ,504
799,STREAM MUSIC,UC0VX1m7QaBwc9DOUDZZpEfw,503
175,OnlyChillstep,UCJ-DCKo6g07dtJJhjbkJtXA,502
89,Mr_Kenzo,UC4USLDJfI1rPkkVlQE1FRew,501
457,Keep It Underground,UCrt9lFSd7y1nPQ-L76qE8MQ,500
989,Progressive Astronaut,UCE2IKH8vYeRHLgaxFu0Paxw,500
958,Various Artists - Topic,UCi-ctA4Kzme9gCvloOMg7bA,500
16,Premium Music HQ,UCDNX3eBBlqBLpjv_b3UiodQ,499
662,Ron Gelinas Chillout Lounge,UCLr_PnLF0aClbzrEnpyxx0A,499
811,Max Chillsound,UCcfZ9dhNM8qfc9l8tN7RfCA,498
21,Mortifer V.,UCVIig7ceMjt7k9vylTsGpiw,497
29,Soul Candle,UC7YAjJbnZsg6rW17wqan_zg,497
875,M-Sol Records Music,UC6QjC3MrolN9dPxVCyGQtLQ,496
927,Physical Dreams - Topic,UCwhrTeJk67anHFa7tXtrwXQ,495
405,TeknoAXE's Royalty Free Music,UCtgf00GvfFQVsYBA7V7RwUw,493
971,RELAX MUSIC CHANNEL,UCpcOxZvG-7L6z6T2Mn0CmlA,486
928,Various Artists - Topic,UCRVRJmok5szr9DXOIE-4SOg,486
814,Beach Dreams,UCd13UcbdTSCCiCO9k4c9guQ,485
38,Insomnia,UCmJ5vC4DguNPl7jI20PHbpA,484
2,BLUME,UCq22aK0t0mrOEq676Be4ezw,478
832,Relax River - Relaxation Flows in You,UCixFwZ8qA3R0QRnIzcIb-vw,478
825,The Honest Guys - Meditations - Relaxation,UC4jWo5kiyOCt4PnvF4jbaLg,475
819,Greenred Productions - Relaxing Music,UC1bjWVLp2aaJmPcNbi9OOsw,471
863,Meditation and Healing,UCM7XCXnxtYJkkMN0zf0tsSw,471
151,Relax Cafe Music,UCaCE5pzy49M8nQ59plgmFOA,460
967,Various Artists - Topic,UCbZL04aQ6XeDey4btADmmHw,458
966,Pandora Journey,UCmVGp8jfZ0VLg_i8TuCaBQw,457
983,Poker Flat Recordings,UC1Tq1skVDxKIJdiqd9ey_hg,456
987,Immeasurable Heaven,UCiGV3VU8zh1s6Q6Q2Q-rb2g,449
660,Magic Music,UCp6_KuNhT0kcFk-jXw9Tivg,448
843,DJ SWAT,UCe7Jnj9gi8gvshBlrUGHBtQ,447
1184,Mixla,UCXuo1MC13x1j-wTZ2d8iNwA,446
3,dynmk,UCE5PGnLwbvfyz4SV9x9zEwA,431
803,PapaYa7,UC3C-66Ct9dHXd00ynrJsb-g,429
33,Adrian von Ziegler,UCSeJA6az0GrNM4_-pl3HQSQ,427
840,Akira The Don,UCsoiSpBvkr4Y-78Pj3recUw,425
975,OkapiSoundOfficial,UCA8YC-FGwMslDIustiihatQ,417
1130,Melodic Guitar Rock/Metal GuiltyGearRockYou,UCUMlYF1cXZzTw9giiExuCpw,395
878,YouRRelaX - Relaxing Music,UCwjSAE5HiNh-yhvQNNswzrw,394
955,Calming Music Sanctuary - Topic,UC6cEjeLLebyETW6BmsT1gXA,389
834,Montana cellist,UCscIWGhDNOHmLu3OLgpU5vA,387
747,030esar0303,UCWJ0h-sGerHCxjAo2vRtkbg,380
805,NFIVEXS SYNTHETIC,UCJtLRURNhMJ0w5svwD1eqPg,372
970,PowerThoughts Meditation Club,UCX159cvbQYBvMFvpdsbIDdA,363
13,S!X - Music,UCNZYpcqym8gHcNg2GWcC6nQ,362
871,Nature Relaxation Films,UC4lp9Emg1ci8eo2eDkB-Tag,350
873,Jason Stephenson - Sleep Meditation Music,UCqPYhcdFgrlUXiGmPRAej1w,346
1251,Eeuphonious,UCaHM7hKCwJ_eR-dP3c7PKHw,340
60,LTB Music,UCpNDViJ9ezD1yEY8JaLm5xQ,339
186,Jonna Jinton,UCAk3t7WHs2zjsZpopox8Taw,317
452,DAVE SHEPARD,UC9x0mGSQ8PBABq-78vsJ8aA,312
1214,Rammstein by TheKeyboardfucker,UCYuSRhFRPUeGoeK1yglJ0YQ,308
59,Johnny M In The Mix ►Dj Activities,UChDok1-NlVszac3ES_OOXWQ,304
870,Sleep Easy Relax - Keith Smith,UCter1EdDMAWLvO2a9CUrluA,296
945,African Sound Therapy Masters - Topic,UC_M3BKrLwwW7LJb3c6ZXv_g,294
959,Ethnic Moods Academy - Topic,UCyMeoqoDn-ZH4xM4sSFRBMQ,285
953,Mr Yohan,UCrFKhiZjfDWvtDe7F-b1aFQ,273
973,tpyxa art,UCz2uLs6U6iSoyCKqqkLAa5A,272
858,Yoga With Adriene,UCFKE7WVJfvaHW5q283SxchA,265
809,eluxrecords,UCwUQLASOTPeSoMNBIUzpWIQ,260
810,cruszynski,UCsHkmYyunuQEMy3bNIUMQhg,255
133,Cafe De Anatolia,UC1Tr6S-XLBk1NzNX1jErWMg,250
877,ZenLifeRelax,UCcqmIur-b51hdIByTPIfifw,246
362,XDeep Music,UCSSEXzYHBijpCPJdiZbS7mw,243
50,Mr_MoMo Music,UC2fVSthyWxWSjsiEAHPzriQ,237
42,ChillYourMind,UCmDM6zuSTROOnZnjlt2RJGQ,233
79,Coccolino Deep,UCdJa8L2rQJ6vPzgSDc_xQqA,233
687,DEEB Official,UC-KJ1mp5VDW7Im1siTCivRg,233
10,NEOTIC,UCoP2nmYSKQ0oisOGCLmPLcQ,224
1162,Liquid Audio - Topic,UC44glRypUTF8yfqN0bvlRIQ,216
450,Premium Chillout Lounge by Schwarz & Funk,UCwUyN4JxTCggDvOQP4-EFaw,206
909,Hochschule für Musik FRANZ LISZT Weimar,UCwMm1XM8OTDbmRdZfo8ykAQ,205
88,SunWillStillLieDown,UCm6JDdJO80QL9WO9bAPoqHg,205
1021,SadVibe 美しい,UCvUgdUYpn22E12OPvMLhhJw,198
5,ChilloutDeer,UCzolMvIqyoK6hV345m6FjTg,197
1215,Metal & Instrumental,UCMPiU-pjN0waFMU6teCBjoA,196
827,SOAKING IN HIS PRESENCE Instrumental Worship,UCb3T0V8ZUhIdWnvsqO73zkQ,193
135,Café del Mar (Official),UCha0QKR45iw7FCUQ3-1PnhQ,192
1252,Coding Life - Topic,UCYvvx25DJNJeYWucIKs38sg,192
815,Marulio Sideralis,UCWrYxx6MPmYLvDm8ZB-KERw,188
816,DeepBeliever,UCnINrzzKgeWkJm1p1QRaZJQ,177
823,Amemos - Ambience,UCJIp1jpHmQpPgNDknXBrW6g,176
847,GoreGMusic,UCR4EdFKmGc6sJXWXUbqePYA,176
838,Patti Broussard #arrayartist,UCo7hmggS23IJCjxiuVcz-YA,172
994,Thaehan,UC5HYJTpconGuwC8g-l1QXLg,164
976,PARAZITII20cmOFICIAL,UCWacBAVBfW5mUVXKCyFig6g,161
1255,Ambient Worlds,UCfR8HhkbpDAwvYxrecNg4Mg,160
300,FASHION LOUNGE,UCK-kYTaZyJ7UVseqYl6uK6w,155
991,Vapidbobcat,UCkpAubA1XlMP_xV_D7D3V1g,154
1223,Instrumentals,UCgFBxlOJP97oXQ1w5dhw8Lw,153
316,Chillout Lounge Music,UCXhgh1oPMba9Ap1mQE6nYWA,151
1020,Rujay,UCm1Tu7lM4zdbsZYHbzCfctg,149
900,Rush Garcia,UCm2GrZjyqP5pF-wTa95r_AA,149
1243,Manele Anii 2000,UChefbY0ObAP3B78zniYGGCA,147
56,Secession Studios,UCwd8uu2mtJUgHYRffUl2yPQ,146
1193,cyberneticchaos,UCcVU6cQRmEA9VPKedlaRXPQ,145
1264,Selena Gomez,UCPNxhDvTcytIdvwXWAm43cA,145
144,sound-tv,UCoFjTOWUGeKvpk4tPz-TMFg,141
4,MiXeR,UCZQalZi5hs3MfTW5HOvKPYw,138
64,Trap Station,UC2MXWc3pnCgbrXiizpGMUrw,137
1135,Korninclusive,UCOMfpKNAqD98IAV4rFHcuKg,135
1195,Cringe Lord,UC-nmBOX0Ki4YDFyEKjpTM_A,133
998,O*R*C*O Music,UCYdru_GKYhf-EPeD1nGWhXQ,133
969,Mettaverse Music,UCyvjffON2NoUvX5q_TgvVkw,131
44,Paleowolf,UCLksEmBSsVjMbfunVdGQilw,131
884,Oblivion,UC-yxIgOKl8HY6TI7nKXJN4A,129
676,Lofi Hip Hop - Topic,UCCM8SA-3L4o5MkDo3BPUN2g,128
18,Dreamy,UCYVyQv2rUtCMxJAFSuOSpmg,125
47,The Jazz Hop Café,UCi8wqezBudeAiTdKOX571ug,124
391,Adventure Planet,UCoJfm03KTBh55FsxqiaW2pw,123
1211,GorillazLatino,UC8NI4Ib_i5XaCvlROnFDWig,120
223,HALIDONMUSIC,UCyOfqgtsQaM3S-VZnsYnHjQ,120
949,Maha Devenson - Topic,UCEMOPmZZC-h35hhvy-KTl8Q,120
801,SobolevSpace,UCPdRRQjt6DXtTrt9Q62hPAw,118
444,DelSolRecordings,UC1FhjH0XACszdKQb2GwJeJg,117
1154,TheBeatsharer39,UCaXSysSxbnNrmtB07pCxlkg,114
1019,Chill Trap,UCgG_FUxALN1tJ_9YyABcRGQ,113
423,IRMA records Official,UCMuIrv9Nlk0nPM8QZAv9Gtw,112
1213,Mattjina & Tom Smit,UCjSAVU4pBkc1f5K7luc-pXQ,110
808,Sven Väth - Topic,UC65i9IyVAW59S9C428ou8RA,109
842,umonox,UCxyUTcE83Hosu6Vod3ENkkw,108
1206,metfan4l,UCn2NocgSwkVoxyRaTpexsaw,105
43,Yūgen,UCGiqWUR0wkrzY1BGGQjHUoA,105
413,Contraseña Records,UCMAPERipoPBWRH4D69H9R-Q,102
933,Sasch BBC & Caspar - Topic,UCqDX1UlcywYs8e2WQDVnYkA,101
995,/SUNGER21,UCuJlFpB-8MAhbJCkhyIeJew,100
669,#INSTRUMENTAL MUSIC urbansmoothent,UCcqxf6u68D4lqqYCD5TieOQ,100
411,12edit,UC6zUNy1s8rb4sRBjvjvcWcA,100
752,1M EDM CLOUD,UCvqTny7T4sMTB79dZd-ZiJQ,100
403,2Thicc Beats,UCplsCirxuNxRcXBI229oAcA,100
102,321 Relaxing - Meditation Relax Clips,UCvGwWJ_bcMkHRBuTNCL08cA,100
207,Above & Beyond,UCVE-ybBDg3UHSUylEVdPAsw,100
224,AcidJazz,UC8cRYBn-z6y1EOUeMdJ0VHA,100
425,Add This Music,UCSROc5yKzcp2k9ueoWBLgHA,100
1250,Adrian Popescu,UCZWZvXM35WAry8dtylkb1jw,100
730,Ahmet Sendil - Topic,UC1aOJoxRqW3c9yu_E86cB7A,100
729,Aiho - Topic,UCqQbTkd3Jk5oEyDnLYA-aZA,100
737,Alejandro Dario - Topic,UCJ8l8CU20w8Y-yO85ZbhJjA,100
1051,Alex Dav,UCwU8FBrRiuNdmhq33UWfbBQ,100
1090,Alex Diy builds,UCS8jmXrmkoQ-orVhWHGh5mw,100
1235,Alexandru Bradatan,UCLn5Rjnnqk7qqImM34dcEQg,100
156,alexrainbirdMusic,UCEi0EgWJ5m7gVBQ68a1L0TA,100
741,Alfonso BZ - Topic,UCkRDewwxKRL16mi5MF4FMkg,100
455,AllLegendsOfMusic,UChcG7ngevi1XoxAKR1Wkfow,100
418,Alph4 CtZn,UCWYh0QnpEVRiIKHP0-mtbVw,100
604,Alveda Music,UCiRHsSbZeVE5uDWSybn92xQ,100
1115,Amazing Gaming Music,UC5I3vUh2iNfQ3pCU3sodYRA,100
830,Ambience Hub,UCOr_JvII6cBy-oJAtkFMRGw,100
129,Ambient,UCm3-xqAh3Z-CwBniG1u_1vw,100
75,Ambition,UC4X7J9D6VbTIwnFDFNkfQ1A,100
885,Aminium Music,UCGY2E83PapX47mviakM_IpQ,100
1239,AmmA Music & Sound,UCzg-KdISpftt0hjybLVYAhQ,100
1188,Andres Trevino,UCv1VqeB-OXohWol_xrjHdag,100
514,Andy Pendeho - Luvka Sound Rec.,UCyT05Qi-7_-FZock0q37S3A,100
357,ANNA RF,UCwk4--DXHNPYW4oNvfuynzw,100
159,Antti Martikainen Music,UCyVTPFh9-6DuGbCjpT4_YKg,100
972,Anuka - Topic,UCxQkDMTmndcoM1sf8PyWGkg,100
412,AP,UCsYrHyrqsrFAKFoxWMQl-cQ,100
1121,Arabic Trap جبهة العربية,UCfgmMDI7T5tOQqjnOBRe_wg,100
41,Arctic Empire,UCpEYMEafq3FsKCQXNliFY9A,100
1226,arhiva TVR,UCnCYIhudgWq6biY4CjLuavQ,100
1104,Arnaud Gauthier - Topic,UCFu0TB8-cfh5LFMnyTSuTtQ,100
771,Art of Minimal Techno Tripping,UCDf6reK_hHcz0d7KWBhmPhA,100
406,Astral Dude,UCZxVK02UtDPo-ctpF0pYBLQ,100
14,Astral Throb,UCpbH_7H71IPKq4eH7CD5spg,100
86,Atlantic Records,UCe4LM_eKc9ywRmVuBm5pjQg,100
1232,Aurelian Temisan,UCwjpTOc3KZ4ioKXfIoOT5SA,100
261,Aurora Australis,UCc_hMlnd_PRW3aPhiP1JJEA,100
623,Aurora B.Polaris,UCbkRvTwVjpNnFD5Ihy_Bb9Q,100
690,Background Music Lab,UCwVQIkAtyZzQSA-OY1rsGig,100
266,Backpacking Diplomacy,UCD4rmAea8Snadu8eWPPbZig,100
880,Balu - Relaxing Nature in 4K,UCUTOwFZ5grVnUMvvleA_JMg,100
872,Barrett Bogan,UChMsRPJJICUskGiYAz34HNQ,100
585,basicLUX Records,UCfJoXtS1wZFJxdYvKXt96sQ,100
924,Basshall Movement,UCh7p69Sj2hHLU9yavME3ytA,100
1033,Beatowski Beats,UCFRBaE_8GxUYesb0Od7I93g,100
1158,Beedle The Bardcore,UCynijyjqY-u6z8_sGKgCErg,100
848,Ben C,UCs5qKylLwLDldI5Pp1oEwGw,100
263,Best Music Compilation,UCCYAUXUpecXx9ww0-Ag-f5Q,100
441,BGM channel,UCQINXHZqCU5i06HzxRkujfg,100
1083,BIGBAND Entertainment - 빅밴드 엔터테인먼트,UCSOVdVBafxMuAyFmm78dqww,100
947,BlairyFireOSTs IZ,UC7Gl_Of9JO23UYUjIS2gc-Q,100
1179,BLIV BEATS,UCR1pXMNgsU7_xEAO2I0m3kg,100
552,BobCatz Mountain Of Infinite Love & Music IO,UC1reaShG-aDB2IkkXaWKHSw,100
1091,BodyMindPower,UCuswIOJ4768Xilqg-mYFhbQ,100
745,Bolting Bits,UCgNNzKHLiupCMYzKxRyvWzw,100
1060,Bondangoed,UCzoqrYPCfJvxg_BgJKxlx8g,100
91,boniverful,UC3wYVyIqkQxyceahlF2gtPA,100
498,BPanther,UCGUwR9sNY4njeO63R1bt1mA,100
912,Brian Wayy - Topic,UCFVrjfDaaB1SaiYzNXf6Uvg,100
473,Brilliant Classics,UC9B6J4qn5M_TLMh7zX0ISBA,100
1040,Btw Pro,UCPYILO3_T3WPANbbrKE0v6Q,100
98,Buddha's Lounge,UCWaZJ2Mu5zjfhZoEEMxs1MQ,100
276,BuddhaTribe - Relaxation Bar Music Vibe,UCo0rWSrI9ZbswGDM5KdDU1A,100
784,by proxy,UCq3V1zZC2OsugwzeomlRsog,100
1018,ƁƝƁ Productions,UClWEEaYXbIXeWNeOGDMZOCQ,100
259,Cafe De Anatolia ETHNO WORLD,UCrJ9Cdr93XCbU_waM0gbBqQ,100
184,Cafe Music BGM channel,UCJhjE7wbdYAae1G25m0tHAA,100
796,Cai,UCuWHRiIpq2FmXR-6dsskooQ,100
1065,Calm Whale,UCphOK9NiPE6qnj9Mp9aHWZg,100
508,Calm Your Dog - Relaxing Music and TV for Dogs,UCVqytdh_eTzWlh1K8Yst_rg,100
649,CalvinHarrisVEVO,UCaHNFIob5Ixv74f5on3lvIw,100
1150,Carla's Dreams,UCiaRvjs_KZL_5jS0tl5PEoQ,100
1237,Cat Music Gold,UCbEEcyC78sv_oxTAPes88_w,100
919,Cat Trumpet,UCI-Ho-GaKYbtMzXJWmWAsrg,100
698,Celestial Aeon Project celtic music & epic music,UCVhdvFh636Bajc45jyeeOPQ,100
284,cem uykun,UCRrcv3sik3tNG7VlHeg_gGg,100
1005,Cercle,UCPKT_csvP72boVX0XrMtagQ,100
182,Changing Skies,UCZ5Ga2gnQMkmOv-l6WFt0tA,100
290,Chase The Sound,UCncmY_O9nZujN087LlQmq3g,100
1259,Cheloo16Hz,UC12VtiJbDpqWbTxl52HFg-g,100
243,Chill 2 Chill -The World Finest Lounge and Chillout Music,UCG8cMN_SVvrE_W5pUYzgVUA,100
443,Chill House Mix,UCEki-2mWv2_QFbfSGemiNmw,100
322,Chill Masters,UCnkdF0aNzdW26J4JdrqrqbA,100
571,Chill music hits,UCutQkNWmTbanr6y0VFdYhKw,100
641,Chill Nation,UCM9KEEuzacwVlkt9JfJad7g,100
256,Chill Out - Topic,UCzx15oaVJrilaxtBYk846Bw,100
1263,Chill Out & Lofi Music,UCVWGstdY3EBG5jLy77VBgvg,100
318,Chill Out Beach Mixes,UCBReDP0j408b1o9IjSMYXvA,100
465,Chill out Music Café - Topic,UCRngcLiqw7xBV2IaU2KzXUw,100
546,Chill Wagon - Topic,UCEU7844KJAoT13bRTedv8Dg,100
166,ChilledCow,UCSJ4gkVC6NrvII8umztf0Ow,100
394,Chillout Heaven,UCBwBcQiIXU4uUNCvWDA2qKA,100
218,Chillout King Ibiza,UCqglgyk8g84CMLzPuZpzxhQ,100
65,Chillout Lounge Relax - Ambient Music Mix,UCFqtgK0r4EBP3hd4WSmHBMQ,100
574,Chillout Music,UCfXtga41r3-IiV7Nlm_VvKw,100
618,CHILLOUT Music Zone,UCNGD17Q5bbJd_qcXaZw7g4Q,100
868,Choice Viral,UCvfe4IZZO5emIUa-A26L1gg,100
501,Chris Bartels,UCNOBNp9VBlloBr-bilSmyTg,100
1050,Chris Cox,UCBdyfx0eAKQJYyitGBpb_Yw,100
467,Classical Chillout - Topic,UC-BWkrepxJh5ALDFzGIi5eg,100
522,Classical Jazz Academy - Topic,UCILAHCIm7gtpBGCfz7Lw5eg,100
553,Classical MPR,UCW6q_mil1SVoA9qTumtj73g,100
542,"Classical Music Online - Bach, Beethoven, Mozart",UCEuQ1PaY9v049cFBEP879_A,100
494,Classicool,UCzvrt3g-2nWQ4vOf_oJHQHA,100
171,Cloudx Music,UCtrJkOsiFLIUg6Dku7UVn_A,100
310,Club Sounds,UCfiRDetbZHqjfVHOUz-kolw,100
20,College Music,UCWzZ5TIGoZ6o-KtbGCyhnhg,100
713,Corner - Topic,UCR_LWLOIbq5s6QAO_VdIlpA,100
404,Cosmicleaf Records,UCg3-IFl9MSMBEcX1_V4f9tg,100
691,CZsWorld,UCVqcIL9ver6C68f_q6t4kMg,100
26,Danheim,UCLTQVYwu-M-MnfOJDKlFnOQ,100
437,Dani McFly,UCo02-21tIFeC4MRSuF9xxjA,100
760,Dark Monkey Music,UCrcfRtdHb11YJEloTSaOYvw,100
463,Dave Jones,UCxRq74VJnwzkX0qThli1PEQ,100
789,David Hasert,UCitkVIb8weLiAhe1_mFplDg,100
726,David Herencia - Topic,UCO9q1Veo1DMSAADpGtoP6vQ,100
791,Deeppa Music,UC0885e8gcENIw-tgWcMRDdA,100
936,Denis Melody - Topic,UC8XT20Sd6ATi0bsAQaKi-Gw,100
807,DiffMusic,UCXIGM4zMfGsunUVhIi16FDg,100
163,dillongoo,UC-B06UJxJ20HYv15lzrm9mA,100
1118,Diversity,UC7tD6Ifrwbiy-BoaAHEinmQ,100
852,DJ LUCHO,UCRtX6uikJ8waY0jlMuj29KA,100
227,DJ Michael Maretimo - Chill & House Mixes,UCjumiwghwlZdWmRISpD9FxQ,100
385,Dj Quincy Ortiz,UCyRS_RvXQPTOqYnC_rfUwIw,100
792,DMT/•/TV,UCadjE49f_Wz-I9bEYa_OuQQ,100
445,Dott. Raffaele Di Gioia,UCgjbAoixlyUXMUcI_qFcdwg,100
189,Dr. SaxLove,UCNJFXYXkXt_P8bJUxb21MpA,100
636,Dre_OG Reacts,UCiTMIiGJ0ZEIQB1JWU02IFQ,100
563,drizzlymusic,UC3OKedapf3YYl7ADNI6ISEg,100
132,dubabylon,UCMbErF0WVTwTLZQm45N9rpQ,100
683,Duong Thi,UCShNZI_iP64tX4qUT1_sjGw,100
1036,Dynamic,UCRBZpEK2_zFhohhu-uY3HvQ,100
320,EarlyByrdProductions,UCH9hxiGp6PLd74_Lj__OpdQ,100
1086,easysleepmusic - Sleep Music,UC6f_gfuNTafRSrBRMN_6Rog,100
487,Ed Oomen,UCZHzT_TVDUkwwdtuSkSrKNQ,100
767,Egor malchugin Minimal Techno,UCFyDv2EB9bqtfqchbKx5cEg,100
1148,ejpollo1,UCfu6hePJG6q4eyNrgWivGjw,100
1231,ELENA,UCC0CSbde33gmwsR1QJ0ePiw,100
1169,Eminem - Topic,UCedvOgsKFzcK3hA5taf3KoQ,100
1160,EminemVEVO,UC20vb-R_px4CguHzzBPhoyQ,100
1120,ENM,UCvOGElQWhX8tyTxwzv1rKzg,100
349,Epic Music World,UC9ImTi0cbFHs7PQ4l2jGO1g,100
714,Epizod - Topic,UCsLtiDU_Z-yPhpFPHF1-34Q,100
206,EricArchive,UCS2v3pmmpwcD0PWPwf65Zmw,100
598,esCape,UCE4R6-KpHNQNdSkylPvIeQg,100
904,Everness,UCa3SDs8cPme7tD9S8BIVYrw,100
1210,EverybodyHatesSound,UCw1i-jXcoYGsey50bgvmeSg,100
544,Exam Study Classical Music Orchestra - Topic,UCJB1YiMaZ-aLvS7RQ1VxWLA,100
140,f1rstpers0n,UCJ3C_aunCEXCDUGB16XWY3g,100
78,Fantastic Music,UCZyyXrEF2WCZbI653PFNBbA,100
106,Fantasy & Dark Music by Derek Fiechter,UCVRJdMxf_nuCR6C1ZMgn7Ug,100
97,Fantasy & World Music by the Fiechters,UCjMZjGhrFq_4llVS_x2XJ_w,100
451,FASHION COVERS CHANNEL,UCkDHAm0s1QcYVa6aoYZUUXA,100
254,Fat Cat Beats,UC2ilI6Sp5D5cvNC0TxLbEmA,100
162,Feardog,UChHXA_Hmsj4nYFoTY8pPdnA,100
150,Fever Ray,UCSjzzQM_Cwc2QWbwvx3KDsw,100
436,Florian Stollmayer,UCxAZe75t4H7N_9mwxHZUl9w,100
986,Flying Circus,UCQqP7X1Tf2oO9Rr4KttGIrw,100
686,For the Time Being,UCXIV9quFhSYuY2kil1cAphg,100
778,Four On The Floor,UCRNpVCL3kAN88CCaLJTJCqQ,100
302,Freddycityraider,UCazWH3ram-4v-oGwb2gc-uQ,100
131,Frisson,UCs_uxpRtS6pFaMOrBCLK5kw,100
96,Front2Back Media,UCqr9VHpj4EPpB8FOsv49Z3A,100
109,FULLCHRISTIANIXOYE,UCXV_ulKExBbKIzbmK3envHQ,100
422,Funkana - Topic,UCKGUx_s2v3ASrcaXAn1U6EA,100
130,Future Collection,UCHwyUZ5O4by-pcE-6j01miA,100
642,Future House Music,UCXvSeBDvzmPO05k-0RyB34w,100
846,Galactik noise,UC3yGRP8_Ck03_suhU4jf6tw,100
990,Game of Tens,UCc1ik2sk67WTrC02AI0GaPA,100
167,GameChops,UCDVKYPXwdYUQfgA05CkyFSg,100
646,GameLandVN,UCaRZQIpNVW0MDhiTFm8Jdxg,100
903,Gaming Mix Nation,UC8sXPkQKS-9GgVZ36WTJ8-Q,100
742,Gazzz696,UC2GK1jS6xrYTh4Xo9qsYSgQ,100
520,Geethanjali - Indian Classical Music,UCYHH2O-3PPL_o7nP7IBhwng,100
595,Gentleman,UCgeu2xe0XRscaKyvBt3WgmQ,100
291,Genvis Muça,UCgAujiGb-bSbec3QCVtdntA,100
1129,george corneliussen,UC1t9dEHPr6UTeQlXGKHHOrw,100
419,GIANT ANGRY ROBOT,UCEtR94DEcj5Dh4R-C_p_Vyg,100
934,Giom - Topic,UCZR0JMJ3c0eexp_HCaZx0zQ,100
330,Gotan Project,UCs2RzWFCRCxCn-0UpKEdabg,100
334,GRILLABEATS,UCbdJJ_ott9zFWD59rE9w--Q,100
920,GRM Daily,UCqTwKvjbTENZDGbz2si47ag,100
331,Guapachando,UC-rVINq8gBwQJTF__HC0S0w,100
802,Guardner - Topic,UCfLy9avBeFRLnEJ224FDe9Q,100
341,Guru Da Beat,UCIO5dgWrAOG6Zr7BlZQAw4A,100
800,Ｈ Ｏ Ｎ Ｏ Ｌ Ｕ Ｌ Ｕ ♪,UCQnM_7oU-_enmit6g6EUBVw,100
212,HANEY PATH FRIEND,UCWgki5K5u3IwebNNE3_RGbA,100
375,HARNISH PRODUCTION,UCgFkoxSMdoAGbepxdCQwO4w,100
398,Harry Mateman,UCTZWbeMvBLkuEatUlfCnyJQ,100
99,Hatim Belhouari,UCaTAK8sh7rBkVXPyXdHCPLg,100
492,HDnatureTV: Relaxing Music & Nature Sounds Videos,UC6GusfSH9Rhp14NnoxRcABw,100
899,HDSounDI,UC26zQlW7dTNcyp9zKHVmv4Q,100
643,House Nation,UCj_Y-xJ2DRDGP4ilfzplCOQ,100
126,House of Youth,UC3yjhM8K6w4R5Kruq96QxgA,100
724,Housephonics - Topic,UCQyNBvG5dM3xkvdUA3jg3nQ,100
746,Houseum,UC58C_BhzlZIJTeomuVSD2lA,100
466,I Love You Venice,UCMpn1qLudF-zb4M4bqxLIbw,100
474,Ian Gregory Blain,UCa0rjROtm6JcDh4QeTQ2IQQ,100
153,Iboga Records Music,UCK3vmdxfttWSGm4P-31laEQ,100
1049,Ihaksi,UCXuBYfhiLTnGrr8Ty-VXO0Q,100
1248,illreject,UCSHz36z64HlaJRcPFC0Bx8A,100
817,ＩｍｐｅｎｄｉｎｇＲｉｏｔ８３,UCCge6Ppa7ad9gPALzmQg3DQ,100
1126,Inner Healing,UCPr71H9bJ7oLBUQoUn9mPbQ,100
265,InnerPeace,UCYH1F3UP5zRJ5aNjtFLwf1g,100
1174,Instru-MENTAL,UCNAIY4uaaV7C0sNhEWcPpTw,100
1156,Instrumentally Infinite,UCaeJQuTe8ecQIDZaNGzB_3A,100
1241,Ion Paladi,UCKlBqGEBodnAKOuKTSP7Oog,100
1185,itseratime,UCLRm3BzGkvpOyqOzfVwNXvQ,100
635,ɨnsomnɨsh,UChCHiou9TM2zHgVEfhtkFuQ,100
225,JaBig,UCO2MMz05UXhJm4StoF3pmeA,100
489,Jason Lewis - Mind Amend,UCrpFW99zAUaJT8cKmqeagkg,100
209,JAx Ling,UCIXQU8HDuezTb7zHelqsVKg,100
831,JaxBlade,UCFBBFuhQc275ISHIQnkzSZg,100
458,Jazz and Blues Experience,UCLue5AhDOIpePYzlc3rOVVQ,100
165,Jiem EB Music,UClIGtfLtGVThvU308i4qcsw,100
1108,Jimmix - Topic,UC2Ru3gCMUJF8Z_QuBTN9C4Q,100
550,johnnielawson,UC4UWbQ23IbWwU-XG7XIWxvQ,100
628,Joytastic Sarah,UCbuTvF8Ja3nuUYe66Gwhtjg,100
424,Juan Vicente Carballeira,UCun0TA0HIFO2n9BAEPKOIIA,100
581,Juliane Wolf,UC0Rq3__9rrtFzkvQyXkAVYQ,100
781,Julien Earle,UCTNAGAxqqanthoCgmrbHbBA,100
521,Just Instrumental Music,UC68KnvCZ-nJzmmuSu_tKASA,100
648,JustinBieberVEVO,UCHkj014U2CQ2Nv0UZeYpE_A,100
605,K - Kat Blues Jazz,UC8g3uXy_-wqcJFkLIgNKSwg,100
570,Kabbalistic Village Music,UC-9i8ojCTpPp19PGI67TB-Q,100
308,KAISER VS,UCPPP8HB_VF3TOfBxEVOTe_g,100
1197,Karim Thomas,UCGjyoyPHEUJGQBWYoUQixHg,100
1044,Kayou.,UCk2g7q-RY455IuRWCIJ0bmw,100
240,Keep Me Chilled,UCUezow2QuerYj-01eYbsk9Q,100
600,KHB Music,UCZy4xJZDtmScXiVrCCIThlg,100
1010,KINGSMEN MUSIC,UCu9m8FUM0GlSZ4pFj7LwjNg,100
108,Koala Kontrol,UCBYg9_11ErMsFFNR66TRuLA,100
1032,Kooma,UCTujsl4g5mmjfWFbc8O7txQ,100
596,KRENA,UCELTOPCb0lra2q3xGnSdlnQ,100
301,Kristian Rovier,UCrUUDbaLPMiTtNehdWGBEWA,100
677,l o w k e y,UCvjUd9FD3MGPeD5t7SPBWDw,100
390,La Alcoba de las Musas,UCN1GBjktSdMfOXn7Qgq7ovw,100
988,Labo T.,UCtbp1FuSC63PgDhGSTMenGQ,100
346,lastsamurai55,UConViKcYKjB6PmbDoxfPgPg,100
401,LazyHats,UCagC_NJlkyCjvxSUkUgjnSw,100
1203,ledzepplica1,UCA_t5yua3_LaXtTMROXGuWg,100
937,Levan - Topic,UCizp74BgkKUP-835hbzAzmw,100
889,LewisLuong Relaxation Cafe,UCm9GAPznIYJ6cmMWbY48NIA,100
977,LikeDeadChannelMusic,UCUavX64J9s6JSTOZHr7nPXA,100
1074,Lil Sokz,UC_AiDYX6q-9101Zz8o9ES_A,100
1009,Lila Merik,UCB1OyHeL0s-pqG8Ut_hTgbw,100
154,Live Better Media,UCYZ5xUIvJTgcqbAQCI69-IA,100
629,Live Music,UC78fEnSGMQ-IV5DyRm3lnPQ,100
779,Lo-Fi House,UCGWhmYfsCrWI5maLqlKKAmQ,100
1028,LO-FI SENPAI,UCxONCRXEhzv0cRbWCKybOsw,100
732,Loggic - Topic,UCybkpNoyOc3vsHm7VFVZbRA,100
237,LoQDubious,UCqULRBhtbtGwhBC6NU5G2Rw,100
289,Lounge Music,UCKHsXi0fY-mvLAAnLq95PPQ,100
134,LQQK50GR,UC72PmhiuKoBdRncHALGBRWQ,100
790,LR 4991,UCaM4FeYlEB_aEMluu6hJ2OA,100
125,Lucas King,UCq52MbjRULLbjRPvxM7FwZg,100
1194,LuigiChannel50 - Extras,UC5sWokj8F7QImGLPg6KhfbQ,100
323,Lvfree Adventures,UCssLZSqf3M3okxPdG6kt9_w,100
1046,lxve.,UCWouqy0lObxP_6kKIZvIiDg,100
719,Maguta - Topic,UCspd4o8o9hyGbIoVTf0-fdQ,100
1202,maksphoto78,UCRILHWoYcX8Vzyhfs1gktGw,100
435,mandibolahiphoptv,UCvrL-bAj7JZJ9BP6YZbALzQ,100
1030,Mantra,UCN4fJZJbYH3sksecZAUUFxg,100
769,Manuel Godemann,UCH6hnRd-3_ugKcAJd1xFDbA,100
366,Marek Klatik,UCf8r-5t8ESkviDCZ4lQkifg,100
640,Marshmello,UCEdvpU2pFRCVqU6yIPyTpMQ,100
1039,MartieBeatz,UC428RLpCdGJoAnUtgmZaDpg,100
943,MASIBULELE SOMKOKO,UCQHfDQ4S8X5qDtEQlOPR4GA,100
1124,mc bess,UCtGBG1M175UvlMJEocYaadg,100
215,Meditation Relax Music,UCb_kshGodseYhLPcDtxWv5w,100
386,Meditative Mind,UCM0YvsRfYfsniGAhjvYFOSA,100
440,Mediterranean Lounge Buddha Dj - Topic,UCvoKhWbKOn-sY9QwzyqCEsQ,100
1087,Melanie Minuit,UCQuzd_ZfbtIVHfIVKyB-b3g,100
142,Mental Me,UCV9JtPa1y5sANyFb0OXxV3A,100
721,Michael Clark - Topic,UCnPaUKTfbmBmGwkbBHQ-TAQ,100
738,Milf Hunter - Topic,UC0GTeAzHotnaWH1f7t4WrDA,100
1240,MilleniumBand,UCfZOoWIymWCbS4uyh_2vCCA,100
280,Mind Relaxing Music,UCzD4a40sRpGJH2TFsXgai9w,100
775,Minimal Flash Music,UCsVNEqXhJqNE-2P3C31Nfiw,100
757,Minimal Group,UCqY3gnYuuzONai4jUhnCv6g,100
770,Minimal Techno.TV,UCAkJHWac7oq46jmjdIscxGg,100
739,Minitronik - Topic,UC92DyzIGmNOV4CoZZCbojXw,100
117,minute2midnight,UCx1KO0UvLsvibsBow0olFYA,100
1217,Mistrzuniu Ziomek MILAN,UCXVf7FvtgeoPvJVrMOpqi6g,100
82,MixHound,UC_jxnWLGJ2eQK4en3UblKEw,100
54,MME.,UCofFT0ZauHvdqWfXiCk9Xeg,100
416,MoeMusic,UC_dBZzj82blh0hp_w6nxrDA,100
694,Mondo Loops,UCPThglQ5_yomyrArmqlwYFg,100
797,Monkey D. Sound,UCX7Yd8IcW3z14tnV6GMTqBQ,100
755,Monsterwolf Music,UCQbPnVjQUAx-0B_8_zxEajA,100
169,MOR Network,UCkfMJApxxdy-h41xy_8AHNw,100
1043,Mors,UC_1-3a8kWnBfapbR0QZwHrg,100
908,Mose,UCSvv0vpCTvpF-Cy44XAs5Gw,100
573,Motion Array,UCBx9f7d09FPisLL9yKTba8A,100
541,Mr. Timer,UCYo5An-3L_eOd1l5WQdU3oQ,100
562,MrLemilica2,UC_S803Fwu2NlUiNFkPu_wLQ,100
999,msck64,UCD8aFMIyhwJbgzkgkDPMCSw,100
1192,MSL,UCB7RwcMD3oc0tW6qApFMibw,100
229,Music Brokers,UCyKs4L4EULCfySbTybA9bAg,100
138,Music Compilation Lounge,UCxLbn0MDZdOs93EHx9qL7Hg,100
27,Music TV,UCXeqMKXLJydENVDFQ4ykCsw,100
460,MusicFlow,UC9LjXw3wpMilyZ2kbT8ie4w,100
617,musichero,UCSegxJMDQtPckCLB2DLJrcg,100
1113,MusicMagnificence,UCQ2ZXzSHkQOznthN-DepInQ,100
1128,"MusicMike's ""Flashback Favorites""",UC0iNsNlq1p8PaduRyo14CJQ,100
141,muzik motif,UCQMPvQVz6n181DFJkUNMTSg,100
497,Muzza Himself,UCLcJv4_YbfcbCtNgfHF3YlQ,100
795,Naoki Kenji - Topic,UCbkscFKEKxyvUwE2_Ii0PQw,100
864,Naturaleza Viva - Sonidos y Paisajes Increíbles,UCNjGqISO6V2WFpOFWPC8pIw,100
1201,Necrommancer,UC6w7JZsglA7_0NMsmApRWgg,100
204,NHT,UCUwRIV-EohRkeJrrR9AM91A,100
606,Nicho Beats,UCBvEjvMq3wLMWPd8l7qCkfw,100
116,nightwish5871,UC42mg-Mvx-HHb1Tm9sq64Cw,100
588,nirvanaloungeclub,UCaWb8HpmArH1KRtqap8fmIA,100
1261,Noaptea Târziu,UCoOF5TJFkopCBciv05LLfCw,100
670,NOGYMX,UC9ki_AvARfJ65w7e_RJLFSA,100
177,NonStop Music,UCNjfJ1J-wLf1hKz2EFWpi8Q,100
23,nourish.,UC7tdoGx0eQfRJm9Qj6GCs0A,100
744,Novaj 新し,UCgSC4NFr_xwN-lBfBbLqprw,100
103,Nu Meditation Music,UCYy9EGb3fvmUSgMVfJ7KXJw,100
788,O.S.cillator,UCTAafbeOOFGA8rCZWvcKL7g,100
439,OCB Relax Music,UCb1ANUIW7arUUDI-Mwz65rw,100
869,Oddly Satisfying,UCCZIevhN62jJ2gb-u__M95g,100
228,OLJA,UCCAiJO-I3ZwxOAQIciWEUBw,100
1093,OnlineMeditation,UCN802J3Fgjs8gZxwzmGrzqQ,100
749,OOUKFunkyOO,UCY2mgHbe4QiYjLHrtF5FMYQ,100
1002,Original Gangster,UCmkraRb2C6u0xEdfAsxQYww,100
599,Orion Music Network,UCdy-3GIGZy2DD65TPg3i1GA,100
282,osostudios,UCxg73kSJLHDH1VLofhpuZWw,100
561,P R I M E L O O P S,UCxcIDjTcer8WH0TP6THhizw,100
1012,Pacific,UCZdOFFoAifGKG-8NOlcm7Ow,100
152,palmtherapysounds.com,UCJzLU9cVzVSkpkATGJu2nOg,100
464,pannonphilharmonic,UCs-mVzlCkQZiubEs_jAgyWg,100
725,Patrik Soderbom - Topic,UCNeeokEsA02pGYD00ZwXQng,100
1233,Paul Ananie,UCaMq3zLPshntOw7svz6Y4JA,100
1178,Pendo46,UCdyTmmQt4qES7hRUc6C8xAA,100
147,Peter Gundry | Composer,UCCVPA8UIeyG-UIh-GoOCW-g,100
1212,Phaetоn,UCoHu4LeQbxX_5u4dw5CWe2w,100
479,Pilates - Topic,UCzkkOPqknh5o3u2WIn6nUuA,100
1029,pink,UCWMFDIJOnk5CeOarRmRI6Rw,100
115,PolllkaAA,UCExkJGfeeMmJvjmC_Eajt1Q,100
315,Poly,UCehcqADPLKqqgE4vJvj4zqQ,100
576,Polychora,UCjPLBJtP7zq16YVcT3_gmkg,100
1037,Prod PQNO,UCYlK9Gs8HePxrDhKwajchOA,100
764,Progressive Dreamers,UCUopvBtHeCwvIQJwiUI6Wmw,100
238,Psy Chill Dnb,UC1y1syserikq1UFNcB7MVkQ,100
249,Psybient Grove,UC-291oNOFHpRqu0PpJQ7wIg,100
382,Psycadelic,UCeYivVWTyqydPuFtmZDVmMQ,100
146,PsyChamber,UCj5PmkYxqXxkuqEjvxMAYuA,100
155,Psychedelic Universe,UCyRw5ZEQ2mVwNKq9GnSTHRA,100
1119,PTXofficial,UCmv1CLT6ZcFdTJMHxaR9XeA,100
381,purejunk,UCGOsln8y9Pg0brdqkCaSdwA,100
415,PureRelax.TV,UCBi0oDe5vWo6ILKc4bD-4hw,100
758,PWhatevah,UC_d-8CiZPjynksS4KbxVY_w,100
609,Q - Bale,UC5HMm_xdB-b9FvlHI9YOfDQ,100
200,Rafa Navarro,UCucAX_09qOsFmQ8RoTvDz4Q,100
1181,Raida Saad,UCuQ-d17IfIkV2LN71DiMrsg,100
671,Raj E,UCnh5UJ95OxURXCengCWwu1A,100
828,RanishaGloss,UCHk5zLReKszhCrFFnN0Zxwg,100
1041,Rap Beats - Trap Instrumentals - Kyu Tracks,UC_F6zgai5rOF8m2JXNpFdbg,100
644,RazNitzanMusic,UCsoHXOnM64WwLccxTgwQ-KQ,100
410,Rehegoo Music Group,UC3UY8sWqGpkotvn3gx5wmcg,100
149,Relax Chillout Music,UCUjD5RFkzbwfivClshUqqpg,100
1089,Relax M,UCxYaeG9ESvdaYvbjQ0gCnFg,100
190,Relax Music,UC7bX_RrH3zbdp5V4j5umGgw,100
1070,Relax My Cat - Relaxing Music for Cats,UC89zrYB2M6mj00nHdHWD-EA,100
459,Relax Night and Day - Beautiful Nature & Sounds,UCmEb7rZRwejgRZ98HwAimLA,100
568,relaxdaily,UCc9EzBNAtdnNiDrMw5CAxUw,100
447,Relaxing Music,UCba4dtNtvGyNwzWo8tjPknw,100
794,resl,UCFmHjM14P9w6eAsYpllGnjA,100
883,Respawnd - Gaming Music,UCkEUlvLiYxg5xzByy0yilrQ,100
593,Riccardo Romano,UCqF6tDs_EKCB9CqqBi-UW3Q,100
1022,Riza Penjoel,UC7CjFXsVWeHXlWfxdFxX4WQ,100
226,rizos5224,UC7mmhZAjZ1r6K0q2sQxbDLw,100
547,Robert Lunn,UCaCnSHin8NF_bU6osGBSOrQ,100
1220,RobertUludag_CommanderFordo,UCU4QU0yq0qL6YU_tacvsWaw,100
735,Rodrigo Melo - Topic,UCwRDaMVTbUm06YjIJa_fnOg,100
1048,RP BEATS,UC-iyg3QfUIHkoklwBWLs8Ww,100
668,Ryan Little,UCNNWgG-OiTQfvIE9cToLXdA,100
107,saddepressingmusic,UCezdhbjseCNEu9csglWEvuA,100
689,Sadlilblackboy,UCF-q9z4IF8CUWyj1_8hZDtg,100
773,sar casm,UCDCXfYsluUDXIbpaMdKJWhA,100
1076,SarahBethYoga,UC-0CzRZeML8zw4pFTVDq65Q,100
120,Scenes from a Memory...,UCGO8f1pzri6yBh8pE-d--Ww,100
1073,SCHATZKISTLE Unterhaltung für euch,UCkVJw7Sw5sPjn2vWPN6QGCQ,100
701,Scraperz Noise - Topic,UCwwlF0NLxQji2K1xdj_zgqw,100
645,Selected.,UCFZ75Bg73NJnJgmeUX9l62g,100
704,seleP - Topic,UCtcws7nXqJ18lLKM7svvuiA,100
577,SensualMusic4You,UC1khnG1mIcqBmxpfFC_w3Cw,100
774,Sergio Polux - SerMezDJ,UC3QomyBhEyXAMwH8-anwiXw,100
11,Seven Beats Music,UCO6SuIBGCEbHw0AKHlKqfww,100
915,Shamanic Drumming World - Topic,UCcun6ArEekyZEKUhf1e5ybA,100
123,Shivelight,UC68GPKqwj-F6acTMYxZb0bA,100
539,SiccasGuitars,UCR39sLAZ5wS_vrMo4tRylHw,100
1111,SickChillz,UCdy4UH1goqjZ6N-uVi3-dYw,100
727,Sickwave - Topic,UCHIb0BILmcpI_X7en4VHcRg,100
426,sigi5311,UCCgy6VzlsVaihgkixP5p6NA,100
681,Silphy Plays,UC_RbaNb02PEffh1mXEFTkqg,100
1205,Simon Möller,UCXIhbEDZ7AizbJZwnhOHdOg,100
655,Simonyàn MVSIIC Philophony,UClv1Ja3lX23w8C9GD4TnAOg,100
750,Slav,UC8MLS5X0vWxxa5nyJxfSA1A,100
157,Smyang Piano,UCOkV-EsKn5xHgZDLZsPnJwA,100
361,SNet media,UC1Z98bol4yItSmp-gWkSQww,100
118,sonikku dammit,UCHfJYYaK81tH3nN0Mrivp4A,100
100,Soothing Relaxation,UCjzHeG1KWoonmf9d5KBvSiw,100
1190,Soulful Sounds,UCYXzyvyTDhaFwdtZxL5ChFA,100
1026,Soulker,UC7nzxM0PDGBefQyuVL0Kryg,100
680,SoulSearchAndDestroy,UCpv-IKyVsBJIJRadHjFN3-A,100
71,Sound Territory,UCyQKoLtVor_r1OCOBgeOofQ,100
219,Soundbar Deluxe Chill Lounge,UCuYZ0Xkeru1HhavAQooqfkQ,100
557,SoundingsofthePlanet,UCZAi6UBcmx75iSdn1SjmNFA,100
253,SPA MASSAGE MUSIC WORLD,UCETDHLH2IydUhS4QBgeb6ww,100
548,Specialists of Power Pilates - Topic,UCBRrCHwj-nh4SMZkD3G2Axg,100
974,Spike - Topic,UCLJSIe59JAemda7-N8y5iww,100
1080,Spirit Tribe Awakening,UC961ko9mCxvoHaeMUJb4Lfg,100
512,Spiritual Sound Clubb - Topic,UC2jYeQrvgl9Z-TQBnr-yJMg,100
250,sssfinxxx,UCsGcBT0xPBwXUXaennJa6hQ,100
68,Stay See,UCzcn2eAUHZ2Ba3x7hZF6q2w,100
66,STEEZYASFUCK,UCsIg9WMfxjZZvwROleiVsQg,100
1064,Stephen Simpson,UCI3XSk8PDtvdxNd5P7k5IUg,100
695,Stereofox,UCca7fXARb_MQwdl0P1XiTuA,100
591,Steve0916,UCozoKYJmat8MUYcdRo40cHA,100
1187,Studio-R,UCwtNgjhXXA3qxYi3cZdV8QQ,100
137,SubcarpatiRO,UCkz6FGQEPkmMPEfi6D89qDw,100
324,SuicideSheeep,UCLTZddgA_La9H4Ngg99t_QQ,100
923,SuriBeats FM,UCvRijg2ZaG75hlE8v93il5A,100
718,Swallen - Topic,UCcHskO0v00KEd_9pRa51QxA,100
1097,Sword Coast Soundscapes,UCUGy8GD5oY4EX9awX4FSqBw,100
1063,Syndrome,UCE0J0VYgaaUVBRZLlA3r_GA,100
674,Syros,UC9mFio7rXEgtRQAhoIeGAew,100
1023,Talent Stage Nation,UCnTITby10zj8YLPJ2SXjsCw,100
85,Tallouzzi,UCu2OQ4HPV2HOgQ519GGht8g,100
231,Tatia Machkhaneli,UCSWiB4K5ZX8mTNrkDt7SCyA,100
768,Techno&Minimal Bible Records,UC8bWZk3ecePoxxNpKkamjOA,100
1098,Terry Oldfield,UCal9dVPSFAUQCM5w5WBZG1A,100
914,The Afro-Salamat Group,UCDMwJ_lDAuA6fPr6U0IMPlw,100
434,The Avalon Chillout,UCu3QRkIz_V1F9Wt3qu_LN3A,100
67,the bootleg boy 2,UCwkTfp14Sj7o6q9_8ADJpnA,100
1011,The Cocktail Lounge Players - Topic,UCRsBf3Qk0vw5plq6a-wURNA,100
654,The Conscious Vibe,UCI6iNQPswrdSbQJHLFuxQUw,100
1016,The DJ's Disciple,UCc4ZReO2MqUhLNz0ucFwQgg,100
818,The Essence - Topic,UCbUnqI2b3dqjJZQB64UyvSg,100
578,The Second Spirit,UCj-YhH0n5FudySIaCECwhKw,100
351,The Soul of Wind,UCUZNK80DemBN3kyxusDLwrA,100
363,The Vibe Guide,UCxH0sQJKG6Aq9-vFIPnDZ2A,100
625,TheMusicYouNeed,UCNMJ3UgjW45ns3N_26Gb7Gw,100
821,THEORY,UCcFUPGt_tgcP5iMxiBDsXoA,100
918,ThePianoGuys,UCmKurapML4BF9Bjtj4RbvXw,100
1117,Totej,UCOJuA_374WrqK53ysxstNBQ,100
638,Trap City,UC65afEgL62PGFWXY7n6CUbA,100
639,Trap Nation,UCa10nxShhzNrCE1o2ZOPztg,100
1045,Tribal Trap,UCFUMI05jgO_O88Px8qfCQeQ,100
765,Trippy Cat Music,UCNLwZd3HaSDqw0HkDNBhTSA,100
248,Tryptology,UCEm4W038VrdsJ0mQOo6V2gA,100
1227,TVR,UChdrIsYOHZXgEyCLaOHc2Ew,100
55,UMZ,UCWjOvTpdUYI766apB2SfUoA,100
25,Unicorne World X,UCUnmVt_Hbv21Zfft3uwhrcw,100
148,Universal Music Deutschland,UCUt83CEM-kE3OQx0GqLdZtw,100
368,UnknownMStyle,UC5qHv6rV8XP7lk1u8ZCvdFg,100
633,Valiant,UCGwALZJISywbMsd3QPvvrDQ,100
499,Various Artists - Topic,UCobfPkLDKh6xJaSVRap9kdQ,100
500,Various Artists - Topic,UCru7Ot2o-d1hJiuC5Vm_dAA,100
509,Various Artists - Topic,UCg6JiSXUCjvxl7ftIjcwo_Q,100
513,Various Artists - Topic,UCf8Bezulzffc4EMk3ZhlKpw,100
524,Various Artists - Topic,UChTtw916Q_85fJJcOJCFXHQ,100
551,Various Artists - Topic,UClhKf5ff3Q7BBtcNaU7Q2lQ,100
555,Various Artists - Topic,UCZX-qEKfQJhAJxYRc5vzYjQ,100
222,Various Artists - Topic,UCUsUmSk_Cc3sV1AZCv37-LQ,100
264,Various Artists - Topic,UCjxctANEgNTvMp2F6W9sCMg,100
1105,Various Artists - Topic,UCL4RZTUZ7jd5kFrm23AVj6Q,100
1106,Various Artists - Topic,UCDZBqSP3HyglavqadtsE-bQ,100
1110,Various Artists - Topic,UC5_jkO8TyYSb2p-7U88oy9w,100
380,Vassilios Canellos,UCZugldobDMgkiQ-qresZQ_w,100
312,Vertex Productions,UCzl6X7YdJRF9WnIDHDdGk7A,100
350,Vida Marčiulionytė-Malyginienė\Lithuania,UCiU8PeJF22EL5BXVpKY6bjQ,100
708,Vincenzo Battaglia - Topic,UCzJaGNkDeYueldHTEcL2E3A,100
1230,Viper Production,UCpYTGMR43S4CIkVBB_vnH6Q,100
678,Vodovoz Music Productions,UCNcwZT1x-BUHcWNagbcDccQ,100
565,W P,UCrly_V80iJDJn0oLuJZ-81A,100
74,Wanderlust,UCRUq-x6ZUO2KqTjemGV02yw,100
556,WavesDVDcom: Relax Music & Nature Sounds Videos,UC0VHGCaGfALDKHcw9_kxkZw,100
856,Wejustman Records,UCbKJXEbKdmiJO0tQzb1SmRg,100
510,Wellness Relax Healing,UC8Ug2myKo5oyoONqeNKmFxg,100
699,Whisperer - Topic,UCiPtgV5qmlbDM-zjN754cmg,100
531,Wild Grunt,UCJzhimF0ymzU9m2TlHfjnuw,100
705,Will Konen - Topic,UC37Mqg93ysZecb0kvzhGv3g,100
343,winukomi mydream,UCd1mlbXtYARv85YmJ8ZNmdg,100
587,Witch House Radio,UCMncL-AccchFRxXmr9QXwqw,100
917,World Circuit Records,UCXC3VvleQnzW0FCYE5wRPyQ,100
210,xico4ever,UCdOvCEskMr-f0Jq8Ees-b5A,100
632,xKito Music,UCMOgdURr7d8pOVlc-alkfRg,100
922,Xorks TV 2,UCYaJ790Ri4h_VIYWQUnSV4g,100
480,Yellow Brick Cinema - Relaxing Music,UCwobzUc3z-0PrFpoRxNszXQ,100
700,Zareh Kan - Topic,UCwNuhfCgxwWhTzRHrK5iwiw,100
472,Zen Music Garden - Topic,UChoTFhP_rgkciKxreTuHYLg,100
822,zenchantment,UCNi5rXUflxRVE7JlZeN0oAw,100
213,ZHONG.TV,UCYpaEt_D5OB2aisQvNmPWrw,100
1146,Zombie Thirteen,UCtjeOqzWbHVTEmvVGmvclng,100
780,快樂工作人Cheers TV,UCuNurVWBBLHxGs7oGa5ZcvA,100
